"GEO_ID","NAME","B01002_001E","B01002_001M","B01002_002E","B01002_002M","B01002_003E","B01002_003M"
"id","Geographic Area Name","Estimate!!Median age --!!Total","Margin of Error!!Median age --!!Total","Estimate!!Median age --!!Male","Margin of Error!!Median age --!!Male","Estimate!!Median age --!!Female","Margin of Error!!Median age --!!Female"
"0600000US2500100000","County subdivisions not defined, Barnstable County, Massachusetts","-","**","-","**","-","**"
"0600000US2500500000","County subdivisions not defined, Bristol County, Massachusetts","-","**","-","**","-","**"
"0600000US2500900000","County subdivisions not defined, Essex County, Massachusetts","-","**","-","**","-","**"
"0600000US2501900000","County subdivisions not defined, Nantucket County, Massachusetts","-","**","-","**","-","**"
"0600000US2502300000","County subdivisions not defined, Plymouth County, Massachusetts","-","**","-","**","-","**"
"0600000US2502500000","County subdivisions not defined, Suffolk County, Massachusetts","-","**","-","**","-","**"
"0600000US2501770360","Townsend town, Middlesex County, Massachusetts","39.9","2.8","39.9","4.2","39.9","4.1"
"0600000US2501328075","Hampden town, Hampden County, Massachusetts","50.8","1.5","49.5","2.5","51.6","2.0"
"0600000US2502350145","Norwell town, Plymouth County, Massachusetts","42.4","1.6","42.0","2.7","42.7","1.8"
"0600000US2502775400","West Brookfield town, Worcester County, Massachusetts","45.7","4.4","43.3","5.1","48.4","4.8"
"0600000US2500359665","Sandisfield town, Berkshire County, Massachusetts","48.5","3.9","46.6","5.2","49.9","2.3"
"0600000US2501737000","Lowell city, Middlesex County, Massachusetts","33.2","0.6","31.5","1.2","34.7","1.0"
"0600000US2502753225","Phillipston town, Worcester County, Massachusetts","45.8","2.7","47.3","4.9","45.6","2.4"
"0600000US2501743895","Natick town, Middlesex County, Massachusetts","40.2","0.8","37.9","1.3","42.5","1.9"
"0600000US2502354310","Plymouth town, Plymouth County, Massachusetts","47.0","0.8","44.5","1.1","49.0","1.1"
"0600000US2501158335","Rowe town, Franklin County, Massachusetts","56.5","8.2","56.5","11.2","56.5","11.0"
"0600000US2501531785","Huntington town, Hampshire County, Massachusetts","46.4","2.6","43.5","6.6","47.4","2.9"
"0600000US2501773440","Watertown Town city, Middlesex County, Massachusetts","38.9","1.0","38.1","2.0","39.4","0.8"
"0600000US2500941095","Middleton town, Essex County, Massachusetts","42.0","3.7","38.8","4.3","44.9","4.5"
"0600000US2501762535","Somerville city, Middlesex County, Massachusetts","31.2","0.4","31.0","0.5","31.5","0.5"
"0600000US2501740115","Melrose city, Middlesex County, Massachusetts","39.6","1.6","38.1","2.1","41.8","2.0"
"0600000US2502318455","East Bridgewater town, Plymouth County, Massachusetts","38.8","2.1","38.2","2.2","39.5","2.9"
"0600000US2501761380","Sherborn town, Middlesex County, Massachusetts","45.7","2.9","47.8","5.7","44.8","3.0"
"0600000US2502150250","Norwood town, Norfolk County, Massachusetts","40.6","1.1","38.5","1.7","42.0","1.7"
"0600000US2502717685","Dudley town, Worcester County, Massachusetts","37.8","2.8","34.2","4.0","39.9","2.4"
"0600000US2501342530","Montgomery town, Hampden County, Massachusetts","50.1","4.0","49.5","4.9","51.0","4.4"
"0600000US2502750670","Oakham town, Worcester County, Massachusetts","47.5","2.0","48.4","3.6","47.1","2.8"
"0600000US2501739835","Medford city, Middlesex County, Massachusetts","35.9","0.8","34.8","1.1","37.5","1.3"
"0600000US2501102095","Ashfield town, Franklin County, Massachusetts","51.3","3.0","50.2","3.2","53.1","4.2"
"0600000US2502375260","West Bridgewater town, Plymouth County, Massachusetts","44.1","2.8","40.9","4.2","45.6","2.9"
"0600000US2502730560","Holden town, Worcester County, Massachusetts","42.2","1.3","39.7","2.6","44.4","1.7"
"0600000US2501135285","Leyden town, Franklin County, Massachusetts","53.7","4.3","52.8","6.2","54.2","3.0"
"0600000US2502182315","Wrentham town, Norfolk County, Massachusetts","42.6","2.0","41.0","3.4","43.9","3.2"
"0600000US2500373335","Washington town, Berkshire County, Massachusetts","53.0","6.1","54.8","6.4","52.0","8.1"
"0600000US2501564145","South Hadley town, Hampshire County, Massachusetts","40.2","1.8","44.5","2.1","36.7","3.1"
"0600000US2501319645","East Longmeadow town, Hampden County, Massachusetts","45.8","1.3","44.5","2.7","47.0","2.2"
"0600000US2500977150","West Newbury town, Essex County, Massachusetts","46.7","2.1","44.6","3.3","48.7","5.1"
"0600000US2502155745","Quincy city, Norfolk County, Massachusetts","39.4","0.9","37.5","1.0","41.2","1.0"
"0600000US2500328180","Hancock town, Berkshire County, Massachusetts","56.5","3.5","56.8","2.5","55.6","5.0"
"0600000US2501151265","Orange town, Franklin County, Massachusetts","45.9","2.3","42.6","4.9","47.1","2.3"
"0600000US2502707525","Boylston town, Worcester County, Massachusetts","44.5","2.6","42.3","4.9","46.3","2.8"
"0600000US2502771480","Upton town, Worcester County, Massachusetts","41.0","2.6","40.2","3.0","41.7","3.1"
"0600000US2502706015","Blackstone town, Worcester County, Massachusetts","41.4","1.3","40.6","1.2","42.4","2.1"
"0600000US2500523000","Fall River city, Bristol County, Massachusetts","39.5","1.1","36.8","1.2","41.6","1.4"
"0600000US2500377990","West Stockbridge town, Berkshire County, Massachusetts","53.8","5.1","52.4","6.5","55.1","4.9"
"0600000US2502745105","New Braintree town, Worcester County, Massachusetts","47.1","2.5","49.0","3.3","45.5","3.2"
"0600000US2501135180","Leverett town, Franklin County, Massachusetts","49.0","4.4","47.2","4.1","51.3","3.4"
"0600000US2502178690","Westwood town, Norfolk County, Massachusetts","45.0","1.0","44.7","1.9","45.1","1.3"
"0600000US2500726325","Gosnold town, Dukes County, Massachusetts","61.0","9.9","59.3","27.2","64.1","8.6"
"0600000US2501300840","Agawam Town city, Hampden County, Massachusetts","47.2","2.0","44.7","3.1","48.7","1.6"
"0600000US2500556060","Raynham town, Bristol County, Massachusetts","42.2","2.1","43.9","2.5","40.3","2.7"
"0600000US2501147835","Northfield town, Franklin County, Massachusetts","47.9","3.0","44.6","3.6","49.7","2.5"
"0600000US2501105560","Bernardston town, Franklin County, Massachusetts","50.7","2.4","49.1","5.2","52.5","2.4"
"0600000US2501313485","Chester town, Hampden County, Massachusetts","43.2","5.0","42.9","6.0","44.1","8.2"
"0600000US2501513590","Chesterfield town, Hampshire County, Massachusetts","44.0","3.3","43.1","5.3","44.5","6.7"
"0600000US2500932310","Ipswich town, Essex County, Massachusetts","48.7","1.1","46.9","2.5","49.8","1.4"
"0600000US2500974595","Wenham town, Essex County, Massachusetts","25.7","4.5","33.1","8.8","23.4","2.9"
"0600000US2502333220","Kingston town, Plymouth County, Massachusetts","44.1","1.2","43.5","3.4","44.4","1.0"
"0600000US2500970150","Topsfield town, Essex County, Massachusetts","44.8","1.7","43.9","1.9","45.8","3.4"
"0600000US2501115200","Conway town, Franklin County, Massachusetts","51.8","2.1","51.9","3.6","51.8","2.0"
"0600000US2501142040","Monroe town, Franklin County, Massachusetts","40.8","27.5","54.3","43.7","39.5","27.7"
"0600000US2501546330","Northampton city, Hampshire County, Massachusetts","39.2","1.7","41.4","1.6","37.1","2.2"
"0600000US2500713800","Chilmark town, Dukes County, Massachusetts","53.1","7.7","55.5","8.8","51.6","12.2"
"0600000US2501161135","Shelburne town, Franklin County, Massachusetts","54.8","2.7","51.8","3.4","56.3","4.1"
"0600000US2502311665","Carver town, Plymouth County, Massachusetts","46.0","3.4","43.3","4.6","47.7","2.1"
"0600000US2500182525","Yarmouth town, Barnstable County, Massachusetts","53.1","2.0","49.7","3.0","54.5","1.1"
"0600000US2501576380","Westhampton town, Hampshire County, Massachusetts","46.3","1.5","47.6","3.6","45.3","3.2"
"0600000US2500343300","Mount Washington town, Berkshire County, Massachusetts","60.6","5.1","54.1","4.8","66.2","8.5"
"0600000US2500945175","Newbury town, Essex County, Massachusetts","48.7","1.9","47.5","2.9","49.9","2.9"
"0600000US2501572880","Ware town, Hampshire County, Massachusetts","43.3","2.6","43.5","3.8","43.0","4.4"
"0600000US2500129020","Harwich town, Barnstable County, Massachusetts","56.7","2.6","52.7","4.7","59.4","2.7"
"0600000US2500371095","Tyringham town, Berkshire County, Massachusetts","59.7","7.2","63.2","3.9","57.0","10.8"
"0600000US2502755395","Princeton town, Worcester County, Massachusetts","47.9","2.7","46.5","2.9","50.1","3.0"
"0600000US2500103690","Barnstable Town city, Barnstable County, Massachusetts","48.9","1.1","48.3","1.1","49.5","1.2"
"0600000US2500353050","Peru town, Berkshire County, Massachusetts","49.1","3.6","49.4","2.9","48.1","5.4"
"0600000US2501330665","Holland town, Hampden County, Massachusetts","45.0","2.8","43.6","3.5","45.8","4.1"
"0600000US2501112505","Charlemont town, Franklin County, Massachusetts","50.3","2.2","49.1","4.5","51.5","3.4"
"0600000US2502141690","Milton town, Norfolk County, Massachusetts","38.7","0.8","37.9","1.0","40.6","1.8"
"0600000US2500159735","Sandwich town, Barnstable County, Massachusetts","49.3","1.3","47.7","2.2","50.7","2.0"
"0600000US2500901260","Amesbury Town city, Essex County, Massachusetts","43.6","1.1","39.7","2.2","45.7","1.7"
"0600000US2501739625","Maynard town, Middlesex County, Massachusetts","44.4","1.8","43.5","3.7","45.5","3.1"
"0600000US2501727480","Groton town, Middlesex County, Massachusetts","45.2","2.1","45.6","2.4","43.8","3.3"
"0600000US2502360330","Scituate town, Plymouth County, Massachusetts","48.6","1.2","48.2","1.7","49.1","1.3"
"0600000US2502737420","Lunenburg town, Worcester County, Massachusetts","45.0","1.9","45.2","1.9","44.5","2.7"
"0600000US2500334655","Lee town, Berkshire County, Massachusetts","44.4","5.9","41.6","6.1","46.4","6.7"
"0600000US2501142285","Montague town, Franklin County, Massachusetts","44.5","2.2","45.4","3.1","44.1","2.2"
"0600000US2501705070","Belmont town, Middlesex County, Massachusetts","41.3","1.1","40.3","1.2","42.3","1.3"
"0600000US2500330315","Hinsdale town, Berkshire County, Massachusetts","51.5","4.4","48.3","10.8","52.3","5.3"
"0600000US2502338855","Marshfield town, Plymouth County, Massachusetts","44.3","1.9","44.7","1.7","43.6","2.8"
"0600000US2502767385","Sterling town, Worcester County, Massachusetts","47.0","2.0","45.1","4.3","48.0","3.0"
"0600000US2502768155","Sturbridge town, Worcester County, Massachusetts","42.0","2.5","42.5","2.6","41.4","3.1"
"0600000US2500367595","Stockbridge town, Berkshire County, Massachusetts","57.4","3.5","58.5","3.6","56.2","5.0"
"0600000US2501504825","Belchertown town, Hampshire County, Massachusetts","44.0","1.6","39.6","3.6","46.0","1.7"
"0600000US2502717300","Douglas town, Worcester County, Massachusetts","42.3","2.0","41.5","4.0","42.6","2.2"
"0600000US2502339450","Mattapoisett town, Plymouth County, Massachusetts","52.8","3.5","54.3","2.5","51.3","4.3"
"0600000US2502761800","Shrewsbury town, Worcester County, Massachusetts","41.6","1.4","39.3","1.7","43.6","1.7"
"0600000US2500342460","Monterey town, Berkshire County, Massachusetts","58.8","4.0","60.7","6.4","58.3","3.1"
"0600000US2501342145","Monson town, Hampden County, Massachusetts","47.6","1.8","46.6","2.4","49.0","3.0"
"0600000US2500778235","West Tisbury town, Dukes County, Massachusetts","54.7","2.4","54.4","2.3","55.5","4.3"
"0600000US2501780230","Wilmington town, Middlesex County, Massachusetts","41.4","1.9","40.2","2.0","42.8","1.9"
"0600000US2502741165","Milford town, Worcester County, Massachusetts","39.8","1.6","38.9","2.2","41.3","2.2"
"0600000US2502372985","Wareham town, Plymouth County, Massachusetts","46.5","2.5","42.8","5.1","48.0","2.5"
"0600000US2502352630","Pembroke town, Plymouth County, Massachusetts","42.7","1.8","39.2","3.7","46.1","2.2"
"0600000US2502758580","Royalston town, Worcester County, Massachusetts","52.1","3.1","53.9","4.1","51.2","2.8"
"0600000US2500516950","Dighton town, Bristol County, Massachusetts","43.2","3.2","44.9","3.3","41.2","4.0"
"0600000US2502309000","Brockton city, Plymouth County, Massachusetts","35.6","0.6","34.4","0.9","36.8","0.8"
"0600000US2501707350","Boxborough town, Middlesex County, Massachusetts","42.7","3.4","41.3","5.2","43.7","3.2"
"0600000US2501731085","Hopkinton town, Middlesex County, Massachusetts","41.6","1.2","41.4","1.5","41.8","2.2"
"0600000US2500938400","Marblehead town, Essex County, Massachusetts","47.9","1.3","46.8","1.8","48.8","1.6"
"0600000US2502763345","Southbridge Town city, Worcester County, Massachusetts","40.1","2.4","39.2","3.5","40.6","2.6"
"0600000US2501582175","Worthington town, Hampshire County, Massachusetts","49.4","3.3","49.7","4.1","48.5","7.6"
"0600000US2501769415","Tewksbury town, Middlesex County, Massachusetts","44.5","0.8","41.6","1.6","46.4","0.9"
"0600000US2502775015","Westborough town, Worcester County, Massachusetts","39.0","1.9","37.4","2.5","40.5","1.7"
"0600000US2501308470","Brimfield town, Hampden County, Massachusetts","47.2","2.0","46.4","2.3","48.1","2.1"
"0600000US2500721150","Edgartown town, Dukes County, Massachusetts","44.5","6.1","43.4","11.1","45.1","6.8"
"0600000US2502758825","Rutland town, Worcester County, Massachusetts","38.7","4.7","36.8","5.5","43.4","4.4"
"0600000US2501771025","Tyngsborough town, Middlesex County, Massachusetts","41.0","3.0","40.5","2.9","42.3","4.3"
"0600000US2501337175","Ludlow town, Hampden County, Massachusetts","44.5","1.5","42.6","2.9","46.9","2.4"
"0600000US2502728950","Harvard town, Worcester County, Massachusetts","45.6","1.3","46.1","1.8","44.3","3.5"
"0600000US2500927900","Hamilton town, Essex County, Massachusetts","40.5","2.7","36.6","3.1","44.7","2.4"
"0600000US2500943580","Nahant town, Essex County, Massachusetts","53.2","4.2","51.5","5.8","54.0","3.6"
"0600000US2500957880","Rockport town, Essex County, Massachusetts","54.4","2.3","52.3","4.7","55.3","2.4"
"0600000US2501519370","Easthampton Town city, Hampshire County, Massachusetts","45.0","1.7","44.5","2.0","46.4","3.9"
"0600000US2500139100","Mashpee town, Barnstable County, Massachusetts","51.7","1.6","50.0","3.0","53.0","1.8"
"0600000US2501702130","Ashland town, Middlesex County, Massachusetts","41.4","0.8","39.3","3.0","42.6","1.5"
"0600000US2501745560","Newton city, Middlesex County, Massachusetts","41.1","0.6","40.0","1.1","41.8","0.7"
"0600000US2500940710","Methuen Town city, Essex County, Massachusetts","39.7","0.8","38.2","1.3","41.2","1.2"
"0600000US2501367000","Springfield city, Hampden County, Massachusetts","33.0","0.5","30.6","0.6","35.3","0.6"
"0600000US2502507000","Boston city, Suffolk County, Massachusetts","32.0","0.1","31.4","0.2","32.6","0.2"
"0600000US2501527690","Hadley town, Hampshire County, Massachusetts","49.6","5.6","48.0","4.6","51.9","6.3"
"0600000US2500346225","North Adams city, Berkshire County, Massachusetts","43.5","2.6","42.0","2.8","45.0","2.2"
"0600000US2500361065","Sheffield town, Berkshire County, Massachusetts","52.1","3.7","50.6","3.6","53.1","5.2"
"0600000US2500562430","Somerset town, Bristol County, Massachusetts","47.2","1.6","46.3","2.0","48.9","3.4"
"0600000US2502703740","Barre town, Worcester County, Massachusetts","47.4","2.7","48.2","5.1","47.0","3.4"
"0600000US2502155955","Randolph town, Norfolk County, Massachusetts","41.6","1.6","38.1","1.8","44.7","1.3"
"0600000US2500155500","Provincetown town, Barnstable County, Massachusetts","57.8","2.3","55.2","3.0","62.0","3.7"
"0600000US2502107740","Braintree Town city, Norfolk County, Massachusetts","41.3","0.9","40.4","1.0","42.3","1.3"
"0600000US2501161905","Shutesbury town, Franklin County, Massachusetts","47.6","3.2","47.0","3.0","48.5","4.8"
"0600000US2500300975","Alford town, Berkshire County, Massachusetts","62.6","4.5","64.2","4.2","60.6","5.1"
"0600000US2502317895","Duxbury town, Plymouth County, Massachusetts","45.8","1.0","45.2","0.8","46.7","1.7"
"0600000US2502141515","Millis town, Norfolk County, Massachusetts","45.1","2.9","44.0","3.7","45.2","2.7"
"0600000US2501705805","Billerica town, Middlesex County, Massachusetts","41.2","1.0","39.3","1.4","43.0","1.5"
"0600000US2500324120","Florida town, Berkshire County, Massachusetts","48.7","3.6","47.8","9.7","49.7","3.3"
"0600000US2501773790","Wayland town, Middlesex County, Massachusetts","43.7","0.9","41.6","1.6","45.1","1.6"
"0600000US2500116775","Dennis town, Barnstable County, Massachusetts","57.7","1.4","56.2","3.2","59.3","2.6"
"0600000US2500345420","New Marlborough town, Berkshire County, Massachusetts","56.0","4.5","53.5","3.0","59.2","2.5"
"0600000US2501529265","Hatfield town, Hampshire County, Massachusetts","50.7","2.8","50.0","5.3","50.8","2.7"
"0600000US2500360225","Savoy town, Berkshire County, Massachusetts","49.2","4.1","49.0","6.8","49.3","2.9"
"0600000US2501365825","Southwick town, Hampden County, Massachusetts","47.6","2.3","47.7","2.7","47.5","4.1"
"0600000US2500937995","Manchester-by-the-Sea town, Essex County, Massachusetts","49.9","2.9","48.6","4.2","50.5","2.0"
"0600000US2502308085","Bridgewater town, Plymouth County, Massachusetts","34.2","2.5","35.6","3.1","32.9","3.5"
"0600000US2501579915","Williamsburg town, Hampshire County, Massachusetts","49.4","3.8","40.7","8.0","53.5","2.5"
"0600000US2501756130","Reading town, Middlesex County, Massachusetts","42.8","1.1","40.2","2.6","45.9","1.8"
"0600000US2502160785","Sharon town, Norfolk County, Massachusetts","43.0","1.2","43.3","3.1","42.9","1.1"
"0600000US2502701885","Ashburnham town, Worcester County, Massachusetts","39.5","3.3","37.9","4.1","40.9","4.1"
"0600000US2500326815","Great Barrington town, Berkshire County, Massachusetts","49.1","5.6","45.2","6.6","49.8","3.8"
"0600000US2500937490","Lynn city, Essex County, Massachusetts","34.4","0.7","32.9","1.2","35.9","1.0"
"0600000US2502114640","Cohasset town, Norfolk County, Massachusetts","44.3","2.3","43.0","3.9","44.5","2.1"
"0600000US2502747135","North Brookfield town, Worcester County, Massachusetts","43.3","5.5","45.5","3.7","38.8","6.4"
"0600000US2502769275","Templeton town, Worcester County, Massachusetts","41.9","3.6","40.2","6.2","42.7","3.7"
"0600000US2502741340","Millbury town, Worcester County, Massachusetts","43.0","2.5","41.4","2.5","44.2","2.6"
"0600000US2501372390","Wales town, Hampden County, Massachusetts","42.3","2.6","42.5","2.3","42.1","3.9"
"0600000US2500968645","Swampscott town, Essex County, Massachusetts","44.3","1.8","44.1","2.6","44.4","2.1"
"0600000US2502731435","Hubbardston town, Worcester County, Massachusetts","46.9","2.6","46.6","4.0","47.1","2.5"
"0600000US2502556585","Revere city, Suffolk County, Massachusetts","39.8","1.2","39.2","1.3","40.6","1.6"
"0600000US2501125730","Gill town, Franklin County, Massachusetts","46.3","8.0","43.0","9.9","48.2","9.2"
"0600000US2501168400","Sunderland town, Franklin County, Massachusetts","33.1","4.0","27.9","7.1","35.1","7.7"
"0600000US2501109595","Buckland town, Franklin County, Massachusetts","48.0","5.0","44.4","9.4","51.3","4.4"
"0600000US2502714395","Clinton town, Worcester County, Massachusetts","38.6","1.3","37.3","2.3","40.0","2.6"
"0600000US2501717825","Dunstable town, Middlesex County, Massachusetts","45.5","1.1","44.8","2.6","45.8","1.1"
"0600000US2500546575","North Attleborough town, Bristol County, Massachusetts","39.3","1.2","37.4","1.5","41.3","1.6"
"0600000US2502752420","Paxton town, Worcester County, Massachusetts","40.6","4.5","34.8","4.0","44.5","3.0"
"0600000US2502702760","Auburn town, Worcester County, Massachusetts","46.2","1.7","45.4","1.9","47.5","2.0"
"0600000US2500560645","Seekonk town, Bristol County, Massachusetts","45.2","0.8","44.8","0.9","45.5","1.3"
"0600000US2502331645","Hull town, Plymouth County, Massachusetts","52.9","1.9","50.1","2.3","54.2","1.8"
"0600000US2500959245","Salisbury town, Essex County, Massachusetts","46.1","1.8","44.4","2.0","48.0","1.7"
"0600000US2500351580","Otis town, Berkshire County, Massachusetts","50.7","4.3","50.4","4.0","52.3","5.0"
"0600000US2501306085","Blandford town, Hampden County, Massachusetts","52.9","4.7","53.3","4.1","51.7","5.2"
"0600000US2500929405","Haverhill city, Essex County, Massachusetts","37.5","1.0","36.5","1.1","38.4","0.9"
"0600000US2500569170","Taunton city, Bristol County, Massachusetts","39.4","1.1","37.6","1.6","40.8","1.5"
"0600000US2501179110","Whately town, Franklin County, Massachusetts","47.2","5.8","46.5","7.0","48.4","7.2"
"0600000US2502734795","Leicester town, Worcester County, Massachusetts","42.8","2.5","42.0","5.1","43.8","4.1"
"0600000US2502139765","Medfield town, Norfolk County, Massachusetts","41.8","1.7","41.3","2.0","42.4","2.1"
"0600000US2502705490","Berlin town, Worcester County, Massachusetts","47.9","2.4","44.2","7.7","50.2","2.8"
"0600000US2502777010","Westminster town, Worcester County, Massachusetts","44.9","2.4","42.8","5.3","46.0","3.2"
"0600000US2500769940","Tisbury town, Dukes County, Massachusetts","43.5","1.9","41.9","4.6","45.2","3.8"
"0600000US2501526535","Granby town, Hampshire County, Massachusetts","47.0","1.6","44.0","3.4","48.4","1.6"
"0600000US2502751825","Oxford town, Worcester County, Massachusetts","39.6","1.2","39.3","3.7","39.7","1.8"
"0600000US2501776135","Westford town, Middlesex County, Massachusetts","43.1","1.0","43.7","1.1","41.9","1.6"
"0600000US2501121780","Erving town, Franklin County, Massachusetts","44.1","1.5","44.4","0.8","42.9","3.8"
"0600000US2502172495","Walpole town, Norfolk County, Massachusetts","42.1","1.7","39.6","1.3","45.2","1.1"
"0600000US2502513205","Chelsea city, Suffolk County, Massachusetts","33.2","0.9","33.1","1.2","33.4","1.1"
"0600000US2500174385","Wellfleet town, Barnstable County, Massachusetts","57.4","4.1","54.9","6.1","58.1","3.7"
"0600000US2501700380","Acton town, Middlesex County, Massachusetts","43.7","0.7","43.1","1.2","44.8","1.4"
"0600000US2501752805","Pepperell town, Middlesex County, Massachusetts","42.8","2.4","41.3","2.1","44.7","1.6"
"0600000US2502327795","Halifax town, Plymouth County, Massachusetts","42.1","2.1","41.5","2.8","43.0","2.8"
"0600000US2501370045","Tolland town, Hampden County, Massachusetts","52.4","6.0","50.8","6.7","55.6","9.0"
"0600000US2500959105","Salem city, Essex County, Massachusetts","36.3","1.2","35.2","1.1","37.6","1.4"
"0600000US2500353960","Pittsfield city, Berkshire County, Massachusetts","43.7","1.0","41.6","1.3","45.1","1.4"
"0600000US2502773090","Warren town, Worcester County, Massachusetts","43.7","6.5","44.4","8.6","43.3","7.5"
"0600000US2501715060","Concord town, Middlesex County, Massachusetts","46.3","1.5","44.0","1.4","48.3","1.2"
"0600000US2502718560","East Brookfield town, Worcester County, Massachusetts","42.1","5.1","39.5","5.9","42.5","3.9"
"0600000US2502740255","Mendon town, Worcester County, Massachusetts","45.0","2.0","47.2","3.8","43.3","3.9"
"0600000US2502709105","Brookfield town, Worcester County, Massachusetts","44.0","5.3","41.0","7.3","45.5","3.7"
"0600000US2500112995","Chatham town, Barnstable County, Massachusetts","60.6","2.2","60.3","3.3","60.8","2.2"
"0600000US2500321360","Egremont town, Berkshire County, Massachusetts","53.7","4.2","54.1","6.9","53.6","3.8"
"0600000US2500520100","Easton town, Bristol County, Massachusetts","40.5","1.5","39.5","2.4","41.2","1.6"
"0600000US2501735425","Lincoln town, Middlesex County, Massachusetts","43.4","1.6","42.5","3.7","43.8","1.4"
"0600000US2500960015","Saugus town, Essex County, Massachusetts","46.4","1.9","43.4","2.3","48.5","1.6"
"0600000US2501174525","Wendell town, Franklin County, Massachusetts","51.4","4.3","49.7","6.0","52.5","4.8"
"0600000US2501376030","Westfield city, Hampden County, Massachusetts","39.1","1.1","36.2","2.1","41.7","2.3"
"0600000US2501352144","Palmer Town city, Hampden County, Massachusetts","42.6","1.5","41.3","4.8","43.7","2.6"
"0600000US2501711525","Carlisle town, Middlesex County, Massachusetts","48.3","1.4","47.8","2.8","48.7","2.4"
"0600000US2500525240","Freetown town, Bristol County, Massachusetts","45.8","1.9","46.2","3.2","45.5","2.0"
"0600000US2501313660","Chicopee city, Hampden County, Massachusetts","40.2","1.5","38.5","1.4","41.6","1.6"
"0600000US2501516040","Cummington town, Hampshire County, Massachusetts","52.5","3.2","51.4","4.4","53.3","4.3"
"0600000US2501701605","Arlington town, Middlesex County, Massachusetts","41.0","0.8","40.2","1.0","41.8","1.2"
"0600000US2501737875","Malden city, Middlesex County, Massachusetts","35.3","0.8","34.6","1.0","36.3","1.3"
"0600000US2502328495","Hanson town, Plymouth County, Massachusetts","44.9","1.8","44.3","2.6","45.4","2.7"
"0600000US2501777255","Weston town, Middlesex County, Massachusetts","44.4","2.3","45.5","2.6","43.0","4.0"
"0600000US2502723875","Fitchburg city, Worcester County, Massachusetts","35.7","1.3","35.2","1.0","37.0","1.8"
"0600000US2501721990","Everett city, Middlesex County, Massachusetts","34.2","1.2","32.4","1.5","37.3","1.1"
"0600000US2502712715","Charlton town, Worcester County, Massachusetts","42.5","2.1","43.7","2.4","41.4","2.8"
"0600000US2501735950","Littleton town, Middlesex County, Massachusetts","43.7","2.4","40.1","3.1","45.8","2.0"
"0600000US2500314010","Clarksburg town, Berkshire County, Massachusetts","46.7","3.0","43.4","3.7","49.3","3.6"
"0600000US2500313345","Cheshire town, Berkshire County, Massachusetts","51.0","3.4","51.1","4.3","50.8","4.5"
"0600000US2502379530","Whitman town, Plymouth County, Massachusetts","38.3","1.3","37.0","3.1","39.3","2.6"
"0600000US2502702480","Athol town, Worcester County, Massachusetts","44.3","1.5","46.1","3.3","43.4","2.6"
"0600000US2500934550","Lawrence city, Essex County, Massachusetts","31.5","0.8","30.2","0.8","33.1","1.2"
"0600000US2500300555","Adams town, Berkshire County, Massachusetts","45.8","3.3","43.2","3.4","47.3","2.4"
"0600000US2502178972","Weymouth Town city, Norfolk County, Massachusetts","42.2","1.1","40.1","1.4","45.2","2.0"
"0600000US2501781035","Woburn city, Middlesex County, Massachusetts","40.6","1.3","39.4","1.4","42.4","1.8"
"0600000US2502144105","Needham town, Norfolk County, Massachusetts","43.4","1.1","42.3","1.3","44.5","1.2"
"0600000US2502780405","Winchendon town, Worcester County, Massachusetts","38.4","5.6","35.4","5.2","42.2","5.3"
"0600000US2500123105","Falmouth town, Barnstable County, Massachusetts","53.7","1.1","49.7","2.4","56.0","1.3"
"0600000US2501540990","Middlefield town, Hampshire County, Massachusetts","56.9","3.6","61.6","2.2","55.1","4.0"
"0600000US2501731540","Hudson town, Middlesex County, Massachusetts","44.0","1.1","41.2","1.7","45.9","1.7"
"0600000US2500379985","Williamstown town, Berkshire County, Massachusetts","31.5","6.6","25.2","8.3","33.2","3.4"
"0600000US2501709840","Burlington town, Middlesex County, Massachusetts","41.7","1.3","40.3","2.1","42.6","1.6"
"0600000US2501768050","Stow town, Middlesex County, Massachusetts","42.8","2.3","42.7","2.6","43.0","3.9"
"0600000US2502146050","Norfolk town, Norfolk County, Massachusetts","43.0","1.4","42.0","1.7","44.5","1.2"
"0600000US2500502690","Attleboro city, Bristol County, Massachusetts","40.9","1.0","39.8","1.0","41.9","1.5"
"0600000US2501129650","Heath town, Franklin County, Massachusetts","42.2","10.0","47.1","9.8","38.6","10.3"
"0600000US2500334970","Lenox town, Berkshire County, Massachusetts","54.5","2.4","50.6","5.2","57.9","5.9"
"0600000US2500568750","Swansea town, Bristol County, Massachusetts","45.8","2.1","43.6","2.3","47.5","1.9"
"0600000US2502734165","Lancaster town, Worcester County, Massachusetts","41.0","3.3","35.7","2.5","47.5","5.7"
"0600000US2501767665","Stoneham town, Middlesex County, Massachusetts","43.6","1.4","42.7","2.2","44.4","2.2"
"0600000US2502300170","Abington town, Plymouth County, Massachusetts","41.0","2.1","38.0","4.2","42.9","2.7"
"0600000US2500945245","Newburyport city, Essex County, Massachusetts","49.0","1.6","45.9","2.8","50.6","2.1"
"0600000US2501711000","Cambridge city, Middlesex County, Massachusetts","30.4","0.4","30.0","0.4","31.0","0.5"
"0600000US2502771620","Uxbridge town, Worcester County, Massachusetts","41.3","3.2","39.1","2.8","43.7","2.7"
"0600000US2501377890","West Springfield Town city, Hampden County, Massachusetts","38.9","2.2","38.0","2.4","40.0","2.4"
"0600000US2501735215","Lexington town, Middlesex County, Massachusetts","45.3","0.7","44.7","0.9","46.0","0.9"
"0600000US2500577570","Westport town, Bristol County, Massachusetts","48.7","1.3","45.9","2.3","51.4","1.6"
"0600000US2501326675","Granville town, Hampden County, Massachusetts","44.4","3.7","44.5","3.6","43.9","5.0"
"0600000US2500170605","Truro town, Barnstable County, Massachusetts","61.9","4.3","57.8","12.5","62.8","4.0"
"0600000US2500356795","Richmond town, Berkshire County, Massachusetts","58.0","2.1","58.5","2.5","57.5","2.2"
"0600000US2500304545","Becket town, Berkshire County, Massachusetts","51.8","3.5","52.2","5.2","51.6","3.3"
"0600000US2502340850","Middleborough town, Plymouth County, Massachusetts","44.6","1.5","42.8","2.3","45.7","1.2"
"0600000US2501713135","Chelmsford town, Middlesex County, Massachusetts","44.6","0.7","42.0","1.7","46.4","1.0"
"0600000US2501129475","Hawley town, Franklin County, Massachusetts","53.9","7.4","53.4","7.3","55.5","11.7"
"0600000US2500701585","Aquinnah town, Dukes County, Massachusetts","35.9","14.3","26.7","18.5","42.3","15.4"
"0600000US2502124820","Foxborough town, Norfolk County, Massachusetts","42.4","3.0","42.2","3.5","42.7","3.8"
"0600000US2500926150","Gloucester city, Essex County, Massachusetts","50.1","1.2","48.1","2.2","51.4","1.4"
"0600000US2502728740","Hardwick town, Worcester County, Massachusetts","43.7","7.9","37.8","10.0","47.0","5.1"
"0600000US2502130455","Holbrook town, Norfolk County, Massachusetts","42.5","3.0","40.9","3.4","45.0","4.5"
"0600000US2501724960","Framingham city, Middlesex County, Massachusetts","39.5","1.2","37.9","1.2","41.0","1.6"
"0600000US2500380685","Windsor town, Berkshire County, Massachusetts","52.1","3.6","53.3","2.0","49.7","4.2"
"0600000US2500344385","New Ashford town, Berkshire County, Massachusetts","50.3","2.0","46.0","10.2","51.4","3.1"
"0600000US2501772215","Wakefield town, Middlesex County, Massachusetts","44.8","1.6","43.3","1.9","45.7","1.5"
"0600000US2502773895","Webster town, Worcester County, Massachusetts","41.4","1.9","41.2","3.0","41.5","2.1"
"0600000US2502125172","Franklin Town city, Norfolk County, Massachusetts","40.7","1.2","40.5","1.7","40.9","1.6"
"0600000US2500556375","Rehoboth town, Bristol County, Massachusetts","43.8","1.7","42.2","2.1","45.7","1.8"
"0600000US2501943790","Nantucket town, Nantucket County, Massachusetts","40.1","1.3","39.4","2.7","40.5","1.0"
"0600000US2500505280","Berkley town, Bristol County, Massachusetts","42.1","2.5","43.2","3.3","40.5","3.9"
"0600000US2500940430","Merrimac town, Essex County, Massachusetts","47.5","3.0","48.5","3.4","46.8","2.9"
"0600000US2501772600","Waltham city, Middlesex County, Massachusetts","33.9","0.8","33.6","1.0","34.2","1.1"
"0600000US2500907420","Boxford town, Essex County, Massachusetts","46.7","1.3","47.5","1.5","45.4","2.7"
"0600000US2500522130","Fairhaven town, Bristol County, Massachusetts","45.7","2.1","41.9","2.9","48.3","3.3"
"0600000US2500952490","Peabody city, Essex County, Massachusetts","45.5","1.4","43.2","1.3","47.2","1.8"
"0600000US2502139975","Medway town, Norfolk County, Massachusetts","42.6","1.9","41.4","3.8","43.4","2.2"
"0600000US2502357600","Rochester town, Plymouth County, Massachusetts","44.9","2.0","41.4","3.3","48.4","3.6"
"0600000US2502116495","Dedham town, Norfolk County, Massachusetts","43.5","1.3","39.3","2.4","47.0","1.7"
"0600000US2502766105","Spencer town, Worcester County, Massachusetts","45.2","2.5","43.4","4.1","46.9","3.1"
"0600000US2502167945","Stoughton town, Norfolk County, Massachusetts","43.9","1.4","40.5","1.4","46.6","1.3"
"0600000US2500921850","Essex town, Essex County, Massachusetts","46.7","2.1","47.6","3.8","44.8","4.5"
"0600000US2500937560","Lynnfield town, Essex County, Massachusetts","43.9","1.6","44.5","2.3","43.5","3.5"
"0600000US2500549970","Norton town, Bristol County, Massachusetts","40.9","1.5","41.0","2.5","40.9","2.0"
"0600000US2501780510","Winchester town, Middlesex County, Massachusetts","42.8","1.2","40.8","1.1","44.6","1.2"
"0600000US2501336300","Longmeadow town, Hampden County, Massachusetts","45.7","1.5","44.9","1.6","46.9","2.3"
"0600000US2502354415","Plympton town, Plymouth County, Massachusetts","45.9","2.8","45.2","2.8","46.1","4.3"
"0600000US2502102935","Avon town, Norfolk County, Massachusetts","42.2","2.3","41.4","5.1","44.1","5.4"
"0600000US2500916250","Danvers town, Essex County, Massachusetts","44.9","1.4","43.0","1.6","46.8","1.5"
"0600000US2502104930","Bellingham town, Norfolk County, Massachusetts","41.3","1.1","39.2","2.5","43.2","2.1"
"0600000US2502735075","Leominster city, Worcester County, Massachusetts","40.3","1.4","39.8","2.0","40.8","1.5"
"0600000US2500500520","Acushnet town, Bristol County, Massachusetts","45.6","2.6","43.9","5.2","46.0","4.7"
"0600000US2501761590","Shirley town, Middlesex County, Massachusetts","45.2","2.9","42.2","2.3","49.3","4.3"
"0600000US2502730945","Hopedale town, Worcester County, Massachusetts","44.6","1.8","44.0","4.4","45.4","3.2"
"0600000US2500958405","Rowley town, Essex County, Massachusetts","44.8","1.5","44.3","3.0","45.1","3.0"
"0600000US2502706365","Bolton town, Worcester County, Massachusetts","43.2","1.4","41.1","2.4","45.3","1.6"
"0600000US2502775155","West Boylston town, Worcester County, Massachusetts","39.8","2.1","37.0","1.8","49.4","1.9"
"0600000US2502117405","Dover town, Norfolk County, Massachusetts","44.9","2.0","42.7","4.4","46.8","2.9"
"0600000US2501114885","Colrain town, Franklin County, Massachusetts","53.1","4.6","50.8","7.7","53.8","3.8"
"0600000US2502726430","Grafton town, Worcester County, Massachusetts","41.3","1.4","40.5","2.8","42.0","1.9"
"0600000US2501562745","Southampton town, Hampshire County, Massachusetts","45.7","3.9","45.6","3.8","45.9","5.9"
"0600000US2502357775","Rockland town, Plymouth County, Massachusetts","41.0","2.2","36.7","2.8","44.5","2.5"
"0600000US2502111315","Canton town, Norfolk County, Massachusetts","42.0","1.2","40.8","1.6","42.8","1.4"
"0600000US2502174175","Wellesley town, Norfolk County, Massachusetts","35.6","2.0","41.1","1.4","30.0","4.3"
"0600000US2501703005","Ayer town, Middlesex County, Massachusetts","38.9","3.5","38.1","3.4","39.8","5.1"
"0600000US2502753120","Petersham town, Worcester County, Massachusetts","50.2","3.8","52.5","3.1","48.3","5.3"
"0600000US2500107175","Bourne town, Barnstable County, Massachusetts","48.4","2.2","44.2","2.0","52.3","1.8"
"0600000US2502330210","Hingham town, Plymouth County, Massachusetts","45.7","0.9","43.4","1.5","47.6","1.2"
"0600000US2502741585","Millville town, Worcester County, Massachusetts","41.8","1.5","38.6","3.6","44.0","2.4"
"0600000US2502725485","Gardner city, Worcester County, Massachusetts","40.9","1.4","40.6","1.4","41.6","2.5"
"0600000US2501738715","Marlborough city, Middlesex County, Massachusetts","40.2","1.9","39.7","2.5","40.8","2.4"
"0600000US2500151440","Orleans town, Barnstable County, Massachusetts","60.4","3.1","60.0","4.0","60.6","3.9"
"0600000US2501730700","Holliston town, Middlesex County, Massachusetts","42.3","1.2","42.6","1.5","41.9","1.7"
"0600000US2501127100","Greenfield Town city, Franklin County, Massachusetts","43.4","1.4","41.4","2.2","45.0","2.0"
"0600000US2500545000","New Bedford city, Bristol County, Massachusetts","37.4","0.9","35.7","0.9","39.7","1.4"
"0600000US2501717475","Dracut town, Middlesex County, Massachusetts","39.4","1.5","37.8","2.1","40.6","2.2"
"0600000US2500905595","Beverly city, Essex County, Massachusetts","42.0","1.3","41.9","1.7","42.1","1.6"
"0600000US2501552560","Pelham town, Hampshire County, Massachusetts","49.1","4.9","50.1","8.2","46.9","6.3"
"0600000US2502338540","Marion town, Plymouth County, Massachusetts","50.8","3.6","48.3","3.4","52.7","2.7"
"0600000US2502154100","Plainville town, Norfolk County, Massachusetts","44.3","1.7","43.3","3.6","45.8","3.2"
"0600000US2502768610","Sutton town, Worcester County, Massachusetts","44.8","1.3","42.9","2.8","45.6","0.8"
"0600000US2502746820","Northborough town, Worcester County, Massachusetts","43.7","1.2","43.4","2.7","43.9","1.8"
"0600000US2500750390","Oak Bluffs town, Dukes County, Massachusetts","43.0","5.2","42.0","6.3","43.9","8.4"
"0600000US2501701955","Ashby town, Middlesex County, Massachusetts","46.9","3.2","45.4","4.7","47.7","2.4"
"0600000US2501379740","Wilbraham town, Hampden County, Massachusetts","47.3","1.8","47.5","3.1","47.1","2.3"
"0600000US2501116670","Deerfield town, Franklin County, Massachusetts","48.0","5.7","44.5","7.7","51.1","4.1"
"0600000US2501704615","Bedford town, Middlesex County, Massachusetts","42.5","2.1","43.0","3.2","42.1","2.8"
"0600000US2500107980","Brewster town, Barnstable County, Massachusetts","55.7","3.4","55.6","3.7","55.8","4.0"
"0600000US2501768260","Sudbury town, Middlesex County, Massachusetts","44.5","0.7","44.2","1.2","44.6","1.3"
"0600000US2501145490","New Salem town, Franklin County, Massachusetts","53.8","3.7","52.5","4.1","55.5","3.2"
"0600000US2501501325","Amherst town, Hampshire County, Massachusetts","21.4","0.2","21.4","0.3","21.4","0.2"
"0600000US2501748955","North Reading town, Middlesex County, Massachusetts","43.4","1.5","42.2","2.8","45.2","2.9"
"0600000US2500516425","Dartmouth town, Bristol County, Massachusetts","41.4","1.3","40.1","1.4","43.5","2.2"
"0600000US2501330840","Holyoke city, Hampden County, Massachusetts","34.9","1.2","33.0","1.7","37.2","1.7"
"0600000US2502333920","Lakeville town, Plymouth County, Massachusetts","44.4","1.3","43.2","2.5","45.3","1.8"
"0600000US2502328285","Hanover town, Plymouth County, Massachusetts","41.4","1.8","40.3","2.0","42.7","3.5"
"0600000US2501554030","Plainfield town, Hampshire County, Massachusetts","49.7","3.6","48.8","2.8","52.5","6.3"
"0600000US2500925625","Georgetown town, Essex County, Massachusetts","43.7","1.5","41.7","3.2","46.1","2.8"
"0600000US2500946365","North Andover town, Essex County, Massachusetts","40.1","1.7","36.5","2.1","43.3","2.2"
"0600000US2500538225","Mansfield town, Bristol County, Massachusetts","39.4","2.0","38.9","3.5","40.0","2.6"
"0600000US2501526290","Goshen town, Hampshire County, Massachusetts","50.6","3.4","52.2","2.6","48.5","6.5"
"0600000US2500316180","Dalton town, Berkshire County, Massachusetts","48.9","2.8","48.1","3.7","50.4","5.6"
"0600000US2501173265","Warwick town, Franklin County, Massachusetts","55.2","2.9","55.0","2.9","55.3","4.1"
"0600000US2502581005","Winthrop Town city, Suffolk County, Massachusetts","45.3","1.4","45.2","1.8","45.5","2.6"
"0600000US2500119295","Eastham town, Barnstable County, Massachusetts","59.4","1.8","59.4","2.5","59.4","4.4"
"0600000US2500334340","Lanesborough town, Berkshire County, Massachusetts","50.5","3.1","51.1","3.2","49.9","3.9"
"0600000US2500927620","Groveland town, Essex County, Massachusetts","45.5","3.6","42.3","5.9","47.1","4.0"
"0600000US2500901465","Andover town, Essex County, Massachusetts","42.0","1.2","41.9","1.3","42.3","1.7"
"0600000US2502109175","Brookline town, Norfolk County, Massachusetts","34.0","0.9","34.0","1.5","34.0","1.2"
"0600000US2502746925","Northbridge town, Worcester County, Massachusetts","40.0","2.6","39.7","2.4","41.1","4.7"
"0600000US2502782000","Worcester city, Worcester County, Massachusetts","34.4","0.5","33.0","0.7","35.7","0.7"
"0600000US2502763165","Southborough town, Worcester County, Massachusetts","42.7","1.5","42.9","2.3","42.5","2.2"
"0600000US2501358650","Russell town, Hampden County, Massachusetts","42.3","8.9","40.5","10.0","44.4","8.6"
